issue_id,when,action,what,user,milestone
86,2017-03-13T02:26:45Z,milestoned,,user1,v3
86,2017-03-13T02:26:56Z,assigned,,user1,v3
86,2017-03-13T04:57:49Z,merged,,user1,v3
86,2017-03-13T04:57:49Z,closed,,user1,v3
86,2017-03-13T04:57:49Z,referenced,,user1,v3
87,2017-03-20T18:08:55Z,milestoned,,user2,v4
87,2017-03-20T18:08:55Z,assigned,,user1,v4
87,2017-03-20T18:08:55Z,assigned,,user3,v4
87,2017-03-20T18:08:55Z,labeled,mediumpriority,user2,v4
87,2017-03-20T18:08:55Z,assigned,,user2,v4
87,2017-03-20T18:08:55Z,labeled,question,user2,v4
87,2017-03-21T21:19:50Z,subscribed,,user1,v4
87,2017-03-21T21:19:50Z,subscribed,,user3,v4
87,2017-03-21T21:19:50Z,mentioned,,user3,v4
87,2017-03-21T21:19:50Z,mentioned,,user1,v4
87,2017-04-13T20:14:13Z,closed,,user1,v4
85,2017-03-09T03:22:10Z,labeled,bug,user1,v3
85,2017-03-09T03:22:11Z,assigned,,user1,v3
85,2017-03-09T03:22:13Z,milestoned,,user1,v3
85,2017-03-11T00:14:42Z,added_to_project,,user2,v3
85,2017-04-13T20:13:40Z,closed,,user1,v3
88,2017-03-26T18:06:32Z,merged,,user1,
88,2017-03-26T18:06:32Z,closed,,user1,
88,2017-03-26T18:06:32Z,referenced,,user1,
84,2017-03-09T00:27:45Z,assigned,,user3,v3
84,2017-03-09T00:27:45Z,milestoned,,user1,v3
84,2017-03-09T00:27:45Z,assigned,,user1,v3
84,2017-03-09T00:27:45Z,labeled,mediumpriority,user1,v3
84,2017-03-11T00:14:44Z,added_to_project,,user2,v3
84,2017-03-15T17:53:20Z,demilestoned,,user1,v3
84,2017-03-15T17:53:20Z,milestoned,,user1,v3
84,2017-04-13T20:14:33Z,closed,,user1,v3
50,2017-02-20T07:19:22Z,milestoned,,user1,v3
50,2017-02-20T07:19:22Z,labeled,mediumpriority,user1,v3
50,2017-02-20T07:19:22Z,assigned,,user3,v3
50,2017-02-20T07:19:22Z,labeled,bug,user1,v3
50,2017-02-20T07:19:22Z,assigned,,user1,v3
50,2017-02-20T17:37:28Z,added_to_project,,user2,v3
50,2017-02-23T18:37:49Z,labeled,lowpriority,user3,v3
50,2017-02-23T18:38:05Z,unlabeled,mediumpriority,user3,v3
50,2017-03-08T18:44:38Z,demilestoned,,user1,v3
50,2017-03-08T18:44:41Z,milestoned,,user1,v3
50,2017-03-08T18:45:07Z,renamed,,user1,v3
50,2017-03-08T19:51:02Z,unlabeled,lowpriority,user1,v3
50,2017-03-08T19:51:02Z,labeled,mediumpriority,user1,v3
50,2017-04-13T20:15:09Z,closed,,user1,v3
31,2017-02-16T19:01:18Z,renamed,,user1,Fingerprint authentication complete
31,2017-02-16T19:01:20Z,assigned,,user1,Fingerprint authentication complete
31,2017-02-16T19:44:36Z,milestoned,,user1,Fingerprint authentication complete
31,2017-02-16T19:44:51Z,closed,,user1,Fingerprint authentication complete
31,2017-02-16T21:44:03Z,added_to_project,,user2,Fingerprint authentication complete
31,2017-04-19T02:38:34Z,labeled,requirement,user2,Fingerprint authentication complete
63,2017-03-04T19:02:45Z,closed,,user1,
63,2017-03-11T00:15:17Z,added_to_project,,user2,
63,2017-04-19T02:37:44Z,labeled,feedback,user2,
62,2017-02-28T17:56:16Z,added_to_project,,user2,
62,2017-03-01T15:02:18Z,closed,,user1,
62,2017-03-11T00:14:20Z,moved_columns_in_project,,user2,
62,2017-04-19T02:38:21Z,labeled,requirement,user2,
29,2017-02-16T16:15:00Z,converted_note_to_issue,,user1,Magic link setup complete
29,2017-02-16T16:18:25Z,assigned,,user1,Magic link setup complete
29,2017-02-16T21:44:11Z,added_to_project,,user2,Magic link setup complete
29,2017-02-17T04:19:58Z,milestoned,,user1,Magic link setup complete
29,2017-02-17T04:20:07Z,closed,,user1,Magic link setup complete
29,2017-02-20T17:38:42Z,moved_columns_in_project,,user2,Magic link setup complete
29,2017-03-11T15:33:49Z,moved_columns_in_project,,user3,Magic link setup complete
29,2017-04-19T02:38:48Z,labeled,requirement,user2,Magic link setup complete
30,2017-02-16T16:15:06Z,converted_note_to_issue,,user1,
30,2017-02-16T16:17:36Z,assigned,,user1,
30,2017-02-16T18:07:25Z,closed,,user1,
30,2017-02-16T21:44:05Z,added_to_project,,user2,
30,2017-03-11T15:33:52Z,moved_columns_in_project,,user3,
30,2017-04-19T02:38:41Z,labeled,requirement,user2,
28,2017-02-16T16:14:55Z,converted_note_to_issue,,user1,Fingerprint authentication complete
28,2017-02-16T16:18:42Z,assigned,,user1,Fingerprint authentication complete
28,2017-02-16T21:44:13Z,added_to_project,,user2,Fingerprint authentication complete
28,2017-02-17T02:32:47Z,milestoned,,user1,Fingerprint authentication complete
28,2017-02-17T04:23:56Z,closed,,user1,Fingerprint authentication complete
28,2017-02-20T17:38:44Z,moved_columns_in_project,,user2,Fingerprint authentication complete
28,2017-03-11T15:33:44Z,moved_columns_in_project,,user3,Fingerprint authentication complete
28,2017-04-19T02:38:54Z,labeled,requirement,user2,Fingerprint authentication complete
79,2017-03-08T03:58:29Z,labeled,enhancement,user1,
79,2017-03-08T03:58:29Z,assigned,,user1,
79,2017-03-08T03:58:29Z,labeled,mediumpriority,user1,
79,2017-03-11T00:15:01Z,added_to_project,,user2,
79,2017-04-13T20:14:50Z,closed,,user1,
6,2017-02-08T16:39:27Z,assigned,,user3,Testing and debugging
6,2017-02-08T16:39:27Z,assigned,,user1,Testing and debugging
6,2017-02-08T16:39:27Z,assigned,,user2,Testing and debugging
6,2017-02-08T16:39:32Z,labeled,VoiceDNA,user2,Testing and debugging
6,2017-02-08T16:39:37Z,milestoned,,user2,Testing and debugging
6,2017-02-08T16:45:33Z,added_to_project,,user2,Testing and debugging
6,2017-02-09T18:39:25Z,added_to_project,,user3,Testing and debugging
6,2017-02-09T21:07:55Z,moved_columns_in_project,,user2,Testing and debugging
6,2017-02-18T00:34:28Z,subscribed,,user3,Testing and debugging
6,2017-02-18T00:34:28Z,mentioned,,user3,Testing and debugging
6,2017-02-21T15:20:34Z,closed,,user1,Testing and debugging
6,2017-02-21T21:03:59Z,moved_columns_in_project,,user2,Testing and debugging
6,2017-03-11T15:33:36Z,moved_columns_in_project,,user3,Testing and debugging
10,2017-02-08T16:49:03Z,labeled,MagicLink,user2,Testing and debugging
10,2017-02-08T16:49:03Z,assigned,,user1,Testing and debugging
10,2017-02-08T16:49:03Z,milestoned,,user2,Testing and debugging
10,2017-02-08T16:49:03Z,assigned,,user3,Testing and debugging
10,2017-02-08T16:49:03Z,labeled,enhancement,user2,Testing and debugging
10,2017-02-08T16:49:03Z,assigned,,user2,Testing and debugging
10,2017-02-08T16:49:48Z,added_to_project,,user2,Testing and debugging
10,2017-02-09T18:39:04Z,added_to_project,,user3,Testing and debugging
10,2017-02-17T04:40:54Z,labeled,lowpriority,user1,Testing and debugging
10,2017-02-20T17:41:15Z,demilestoned,,user2,Testing and debugging
10,2017-02-20T17:41:15Z,milestoned,,user2,Testing and debugging
10,2017-02-23T20:45:28Z,closed,,user2,Testing and debugging
10,2017-02-23T20:47:34Z,moved_columns_in_project,,user2,Testing and debugging
10,2017-03-11T15:34:28Z,moved_columns_in_project,,user3,Testing and debugging
4,2017-02-08T16:35:41Z,milestoned,,user2,Testing and debugging
4,2017-02-08T16:38:56Z,assigned,,user3,Testing and debugging
4,2017-02-08T16:38:56Z,assigned,,user1,Testing and debugging
4,2017-02-08T16:38:56Z,assigned,,user2,Testing and debugging
4,2017-02-08T16:39:00Z,labeled,Fingerprint,user2,Testing and debugging
4,2017-02-08T16:45:37Z,added_to_project,,user2,Testing and debugging
4,2017-02-09T21:07:27Z,added_to_project,,user2,Testing and debugging
4,2017-02-21T13:55:41Z,closed,,user2,Testing and debugging
4,2017-02-21T21:03:57Z,moved_columns_in_project,,user2,Testing and debugging
4,2017-03-11T15:33:31Z,moved_columns_in_project,,user3,Testing and debugging
3,2017-02-08T16:35:12Z,milestoned,,user2,Fingerprint authentication complete
3,2017-02-08T16:38:40Z,assigned,,user2,Fingerprint authentication complete
3,2017-02-08T16:38:40Z,assigned,,user3,Fingerprint authentication complete
3,2017-02-08T16:38:40Z,assigned,,user1,Fingerprint authentication complete
3,2017-02-08T16:38:46Z,labeled,Fingerprint,user2,Fingerprint authentication complete
3,2017-02-08T16:45:50Z,added_to_project,,user2,Fingerprint authentication complete
3,2017-02-09T21:07:33Z,added_to_project,,user2,Fingerprint authentication complete
3,2017-02-17T04:41:55Z,closed,,user1,Fingerprint authentication complete
3,2017-02-20T17:39:12Z,moved_columns_in_project,,user2,Fingerprint authentication complete
3,2017-03-11T15:34:06Z,moved_columns_in_project,,user3,Fingerprint authentication complete
11,2017-02-08T16:49:36Z,assigned,,user2,Testing and debugging
11,2017-02-08T16:49:36Z,assigned,,user3,Testing and debugging
11,2017-02-08T16:49:36Z,assigned,,user1,Testing and debugging
11,2017-02-08T16:49:36Z,labeled,VoiceDNA,user2,Testing and debugging
11,2017-02-08T16:49:36Z,milestoned,,user2,Testing and debugging
11,2017-02-08T16:49:36Z,labeled,enhancement,user2,Testing and debugging
11,2017-02-08T16:49:46Z,added_to_project,,user2,Testing and debugging
11,2017-02-09T18:39:18Z,added_to_project,,user3,Testing and debugging
11,2017-02-17T04:40:43Z,labeled,lowpriority,user1,Testing and debugging
11,2017-02-20T17:41:30Z,milestoned,,user2,Testing and debugging
11,2017-02-20T17:41:31Z,demilestoned,,user2,Testing and debugging
11,2017-02-23T20:45:15Z,closed,,user2,Testing and debugging
11,2017-02-23T20:47:23Z,moved_columns_in_project,,user2,Testing and debugging
11,2017-03-11T15:34:25Z,moved_columns_in_project,,user3,Testing and debugging
69,2017-03-05T20:18:34Z,closed,,user1,
69,2017-03-05T20:18:37Z,assigned,,user1,
69,2017-03-05T20:18:42Z,labeled,mediumpriority,user1,
69,2017-03-11T00:15:09Z,added_to_project,,user2,
8,2017-02-08T16:46:45Z,milestoned,,user2,Magic link setup complete
8,2017-02-08T16:46:45Z,labeled,MagicLink,user2,Magic link setup complete
8,2017-02-08T16:46:46Z,assigned,,user2,Magic link setup complete
8,2017-02-08T16:46:46Z,assigned,,user3,Magic link setup complete
8,2017-02-08T16:46:46Z,assigned,,user1,Magic link setup complete
8,2017-02-08T16:47:11Z,added_to_project,,user2,Magic link setup complete
8,2017-02-09T03:22:24Z,unassigned,,user3,Magic link setup complete
8,2017-02-09T03:22:24Z,unassigned,,user1,Magic link setup complete
8,2017-02-09T18:39:14Z,added_to_project,,user3,Magic link setup complete
8,2017-02-09T18:42:20Z,moved_columns_in_project,,user3,Magic link setup complete
8,2017-02-16T22:42:24Z,closed,,user2,Magic link setup complete
8,2017-02-17T02:38:40Z,moved_columns_in_project,,user2,Magic link setup complete
8,2017-03-11T15:34:11Z,moved_columns_in_project,,user3,Magic link setup complete
12,2017-02-08T20:53:35Z,assigned,,user3,Code base setup
12,2017-02-08T20:53:35Z,milestoned,,user2,Code base setup
12,2017-02-08T20:53:35Z,assigned,,user1,Code base setup
12,2017-02-08T20:53:52Z,added_to_project,,user2,Code base setup
12,2017-02-08T21:33:16Z,moved_columns_in_project,,user3,Code base setup
12,2017-02-09T03:22:02Z,labeled,enhancement,user2,Code base setup
12,2017-02-09T18:38:58Z,added_to_project,,user3,Code base setup
12,2017-02-09T21:06:40Z,closed,,user3,Code base setup
12,2017-02-09T21:06:48Z,moved_columns_in_project,,user3,Code base setup
12,2017-03-11T15:34:02Z,moved_columns_in_project,,user3,Code base setup
9,2017-02-08T16:48:21Z,milestoned,,user2,Testing and debugging
9,2017-02-08T16:48:21Z,assigned,,user2,Testing and debugging
9,2017-02-08T16:48:25Z,assigned,,user1,Testing and debugging
9,2017-02-08T16:48:25Z,assigned,,user3,Testing and debugging
9,2017-02-08T16:48:30Z,labeled,Fingerprint,user2,Testing and debugging
9,2017-02-08T16:48:35Z,labeled,enhancement,user2,Testing and debugging
9,2017-02-08T16:49:50Z,added_to_project,,user2,Testing and debugging
9,2017-02-09T18:39:10Z,added_to_project,,user3,Testing and debugging
9,2017-02-17T04:41:05Z,labeled,lowpriority,user1,Testing and debugging
9,2017-02-20T17:41:40Z,milestoned,,user2,Testing and debugging
9,2017-02-20T17:41:40Z,demilestoned,,user2,Testing and debugging
9,2017-02-23T20:45:37Z,closed,,user2,Testing and debugging
9,2017-02-23T20:47:28Z,moved_columns_in_project,,user2,Testing and debugging
9,2017-03-11T15:34:32Z,moved_columns_in_project,,user3,Testing and debugging
17,2017-02-09T02:40:57Z,milestoned,,user2,Fingerprint authentication complete
17,2017-02-09T02:40:57Z,labeled,Fingerprint,user2,Fingerprint authentication complete
17,2017-02-09T02:40:57Z,assigned,,user2,Fingerprint authentication complete
17,2017-02-09T03:20:21Z,added_to_project,,user2,Fingerprint authentication complete
17,2017-02-09T18:35:47Z,added_to_project,,user3,Fingerprint authentication complete
17,2017-02-09T21:06:10Z,unassigned,,user2,Fingerprint authentication complete
17,2017-02-09T21:06:10Z,assigned,,user1,Fingerprint authentication complete
17,2017-02-13T14:28:33Z,moved_columns_in_project,,user2,Fingerprint authentication complete
17,2017-02-20T17:42:17Z,subscribed,,user1,Fingerprint authentication complete
17,2017-02-20T17:42:17Z,mentioned,,user1,Fingerprint authentication complete
17,2017-02-20T17:47:56Z,closed,,user2,Fingerprint authentication complete
17,2017-02-21T01:21:33Z,moved_columns_in_project,,user2,Fingerprint authentication complete
17,2017-03-11T15:34:19Z,moved_columns_in_project,,user3,Fingerprint authentication complete
18,2017-02-09T03:19:20Z,milestoned,,user2,Fingerprint authentication complete
18,2017-02-09T03:19:20Z,assigned,,user1,Fingerprint authentication complete
18,2017-02-09T03:19:20Z,assigned,,user2,Fingerprint authentication complete
18,2017-02-09T03:19:50Z,labeled,Fingerprint,user2,Fingerprint authentication complete
18,2017-02-09T03:19:50Z,labeled,VoiceDNA,user2,Fingerprint authentication complete
18,2017-02-09T03:19:50Z,labeled,MagicLink,user2,Fingerprint authentication complete
18,2017-02-09T03:19:50Z,labeled,urgent,user2,Fingerprint authentication complete
18,2017-02-09T03:20:12Z,added_to_project,,user2,Fingerprint authentication complete
18,2017-02-09T18:06:56Z,mentioned,,user2,Fingerprint authentication complete
18,2017-02-09T18:06:56Z,subscribed,,user2,Fingerprint authentication complete
18,2017-02-09T18:38:46Z,added_to_project,,user3,Fingerprint authentication complete
18,2017-02-13T14:28:30Z,moved_columns_in_project,,user2,Fingerprint authentication complete
18,2017-02-15T08:21:20Z,closed,,user1,Fingerprint authentication complete
18,2017-02-16T21:43:16Z,moved_columns_in_project,,user2,Fingerprint authentication complete
18,2017-02-16T21:43:19Z,moved_columns_in_project,,user2,Fingerprint authentication complete
18,2017-03-11T15:34:22Z,moved_columns_in_project,,user3,Fingerprint authentication complete
35,2017-02-17T04:26:59Z,converted_note_to_issue,,user1,Magic link setup complete
35,2017-02-17T04:35:02Z,milestoned,,user1,Magic link setup complete
35,2017-02-17T04:35:14Z,labeled,urgent,user1,Magic link setup complete
35,2017-02-17T04:39:51Z,assigned,,user1,Magic link setup complete
35,2017-02-17T14:19:51Z,closed,,user2,Magic link setup complete
35,2017-02-20T17:38:14Z,added_to_project,,user2,Magic link setup complete
35,2017-03-11T15:33:28Z,moved_columns_in_project,,user3,Magic link setup complete
71,2017-03-05T20:27:39Z,labeled,enhancement,user1,
71,2017-03-05T20:27:39Z,labeled,lowpriority,user1,
71,2017-03-05T20:27:39Z,assigned,,user1,
71,2017-03-08T02:37:48Z,closed,,user1,
71,2017-03-11T00:15:07Z,added_to_project,,user2,
37,2017-02-17T04:28:35Z,converted_note_to_issue,,user1,Testing and debugging
37,2017-02-17T04:33:24Z,labeled,UI,user1,Testing and debugging
37,2017-02-17T04:33:24Z,labeled,enhancement,user1,Testing and debugging
37,2017-02-17T04:33:24Z,labeled,lowpriority,user1,Testing and debugging
37,2017-02-17T04:33:31Z,milestoned,,user1,Testing and debugging
37,2017-02-17T04:39:44Z,assigned,,user1,Testing and debugging
37,2017-02-20T17:38:05Z,added_to_project,,user2,Testing and debugging
37,2017-03-07T23:01:04Z,closed,,user3,Testing and debugging
37,2017-03-11T00:14:33Z,moved_columns_in_project,,user2,Testing and debugging
37,2017-03-11T15:34:08Z,moved_columns_in_project,,user3,Testing and debugging
5,2017-02-08T16:37:19Z,milestoned,,user2,Testing and debugging
5,2017-02-08T16:39:07Z,assigned,,user3,Testing and debugging
5,2017-02-08T16:39:07Z,assigned,,user2,Testing and debugging
5,2017-02-08T16:39:07Z,assigned,,user1,Testing and debugging
5,2017-02-08T16:39:11Z,labeled,MagicLink,user2,Testing and debugging
5,2017-02-08T16:45:35Z,added_to_project,,user2,Testing and debugging
5,2017-02-09T21:06:57Z,added_to_project,,user2,Testing and debugging
5,2017-02-16T21:05:55Z,subscribed,,user1,Testing and debugging
5,2017-02-16T21:05:55Z,mentioned,,user1,Testing and debugging
5,2017-02-16T21:05:55Z,subscribed,,user2,Testing and debugging
5,2017-02-16T21:05:55Z,mentioned,,user2,Testing and debugging
5,2017-02-20T18:45:13Z,mentioned,,user3,Testing and debugging
5,2017-02-20T18:45:13Z,subscribed,,user3,Testing and debugging
5,2017-02-23T20:46:26Z,closed,,user2,Testing and debugging
5,2017-02-23T20:47:36Z,moved_columns_in_project,,user2,Testing and debugging
5,2017-03-11T15:33:34Z,moved_columns_in_project,,user3,Testing and debugging
65,2017-03-04T19:43:35Z,labeled,mediumpriority,user1,
65,2017-03-04T19:43:35Z,assigned,,user1,
65,2017-03-04T19:43:35Z,labeled,enhancement,user1,
65,2017-03-04T19:44:45Z,mentioned,,user2,
65,2017-03-04T19:44:45Z,mentioned,,user3,
65,2017-03-04T19:44:45Z,subscribed,,user3,
65,2017-03-04T19:44:45Z,subscribed,,user2,
65,2017-03-04T19:51:46Z,subscribed,,user2,
65,2017-03-04T19:51:46Z,mentioned,,user2,
65,2017-03-04T19:54:47Z,mentioned,,user1,
65,2017-03-04T19:54:47Z,subscribed,,user1,
65,2017-03-04T19:55:48Z,subscribed,,user2,
65,2017-03-04T19:55:48Z,mentioned,,user2,
65,2017-03-04T19:56:25Z,subscribed,,user3,
65,2017-03-04T19:56:25Z,mentioned,,user3,
65,2017-03-05T17:06:08Z,closed,,user1,
65,2017-03-11T00:15:13Z,added_to_project,,user2,
33,2017-02-17T04:26:49Z,converted_note_to_issue,,user1,Fingerprint authentication complete
33,2017-02-17T04:35:35Z,labeled,urgent,user1,Fingerprint authentication complete
33,2017-02-17T04:35:41Z,milestoned,,user1,Fingerprint authentication complete
33,2017-02-17T04:35:50Z,assigned,,user1,Fingerprint authentication complete
33,2017-02-19T17:07:47Z,closed,,user1,Fingerprint authentication complete
33,2017-02-20T17:38:17Z,added_to_project,,user2,Fingerprint authentication complete
33,2017-03-11T15:33:17Z,moved_columns_in_project,,user3,Fingerprint authentication complete
2,2017-02-08T16:34:48Z,milestoned,,user2,Magic link setup complete
2,2017-02-08T16:38:17Z,assigned,,user1,Magic link setup complete
2,2017-02-08T16:38:22Z,assigned,,user2,Magic link setup complete
2,2017-02-08T16:38:28Z,labeled,MagicLink,user2,Magic link setup complete
2,2017-02-08T16:45:40Z,added_to_project,,user2,Magic link setup complete
2,2017-02-09T03:24:17Z,subscribed,,user1,Magic link setup complete
2,2017-02-09T03:24:17Z,mentioned,,user1,Magic link setup complete
2,2017-02-09T16:21:13Z,moved_columns_in_project,,user2,Magic link setup complete
2,2017-02-09T18:39:33Z,added_to_project,,user3,Magic link setup complete
2,2017-02-13T14:28:21Z,moved_columns_in_project,,user2,Magic link setup complete
2,2017-02-17T02:37:33Z,closed,,user2,Magic link setup complete
2,2017-02-17T02:38:26Z,moved_columns_in_project,,user2,Magic link setup complete
2,2017-03-11T15:33:56Z,moved_columns_in_project,,user3,Magic link setup complete
36,2017-02-17T04:27:03Z,converted_note_to_issue,,user1,Magic link setup complete
36,2017-02-17T04:34:12Z,assigned,,user1,Magic link setup complete
36,2017-02-17T04:34:27Z,labeled,urgent,user1,Magic link setup complete
36,2017-02-17T04:34:39Z,milestoned,,user1,Magic link setup complete
36,2017-02-17T04:34:49Z,milestoned,,user1,Magic link setup complete
36,2017-02-17T04:34:49Z,demilestoned,,user1,Magic link setup complete
36,2017-02-20T17:48:22Z,closed,,user2,Magic link setup complete
36,2017-02-28T17:56:22Z,added_to_project,,user2,Magic link setup complete
36,2017-03-11T15:33:40Z,moved_columns_in_project,,user3,Magic link setup complete
34,2017-02-17T04:26:53Z,converted_note_to_issue,,user1,Fingerprint authentication complete
34,2017-02-17T04:36:08Z,milestoned,,user1,Fingerprint authentication complete
34,2017-02-17T04:36:55Z,labeled,urgent,user1,Fingerprint authentication complete
34,2017-02-17T04:39:28Z,labeled,UI,user1,Fingerprint authentication complete
34,2017-02-17T04:39:58Z,assigned,,user1,Fingerprint authentication complete
34,2017-02-18T19:29:36Z,closed,,user1,Fingerprint authentication complete
34,2017-02-20T17:38:16Z,added_to_project,,user2,Fingerprint authentication complete
34,2017-03-11T15:33:25Z,moved_columns_in_project,,user3,Fingerprint authentication complete
64,2017-03-04T16:49:42Z,labeled,lowpriority,user1,
64,2017-03-04T16:49:42Z,labeled,enhancement,user1,
64,2017-03-05T17:14:41Z,closed,,user1,
64,2017-03-11T00:15:14Z,added_to_project,,user2,
14,2017-02-09T01:44:35Z,assigned,,user1,Code base setup
14,2017-02-09T01:44:35Z,assigned,,user3,Code base setup
14,2017-02-09T01:44:35Z,milestoned,,user2,Code base setup
14,2017-02-09T01:44:35Z,labeled,UI,user2,Code base setup
14,2017-02-09T01:44:41Z,assigned,,user2,Code base setup
14,2017-02-09T01:50:47Z,added_to_project,,user3,Code base setup
14,2017-02-09T01:50:50Z,moved_columns_in_project,,user3,Code base setup
14,2017-02-09T01:50:53Z,moved_columns_in_project,,user3,Code base setup
14,2017-02-09T01:51:14Z,labeled,urgent,user2,Code base setup
14,2017-02-09T18:38:54Z,added_to_project,,user3,Code base setup
14,2017-02-09T18:42:28Z,moved_columns_in_project,,user3,Code base setup
14,2017-02-09T18:43:16Z,closed,,user3,Code base setup
14,2017-03-11T15:33:59Z,moved_columns_in_project,,user3,Code base setup
82,2017-03-08T23:29:49Z,labeled,UI,user1,v3
82,2017-03-08T23:29:49Z,labeled,urgent,user1,v3
82,2017-03-08T23:29:49Z,assigned,,user1,v3
82,2017-03-08T23:29:49Z,milestoned,,user1,v3
82,2017-03-09T03:19:33Z,closed,,user1,v3
82,2017-03-11T00:14:53Z,added_to_project,,user2,v3
38,2017-02-17T04:28:41Z,converted_note_to_issue,,user1,Testing and debugging
38,2017-02-17T04:30:17Z,labeled,lowpriority,user1,Testing and debugging
38,2017-02-17T04:30:17Z,labeled,enhancement,user1,Testing and debugging
38,2017-02-17T04:33:06Z,milestoned,,user1,Testing and debugging
38,2017-02-17T04:39:36Z,assigned,,user1,Testing and debugging
38,2017-02-20T17:38:07Z,added_to_project,,user2,Testing and debugging
38,2017-03-07T23:01:20Z,closed,,user3,Testing and debugging
38,2017-03-11T00:14:31Z,moved_columns_in_project,,user2,Testing and debugging
38,2017-03-11T15:34:04Z,moved_columns_in_project,,user3,Testing and debugging
44,2017-02-18T15:36:30Z,milestoned,,user1,v3
44,2017-02-18T15:36:46Z,labeled,bug,user1,v3
44,2017-02-18T15:36:46Z,labeled,mediumpriority,user1,v3
44,2017-02-18T15:36:52Z,assigned,,user1,v3
44,2017-02-18T15:36:56Z,assigned,,user3,v3
44,2017-02-20T17:37:48Z,added_to_project,,user2,v3
44,2017-03-08T18:44:16Z,demilestoned,,user1,v3
44,2017-03-08T18:44:16Z,milestoned,,user1,v3
44,2017-03-08T18:44:19Z,demilestoned,,user1,v3
44,2017-03-08T18:44:19Z,milestoned,,user1,v3
44,2017-03-08T18:44:23Z,milestoned,,user1,v3
44,2017-03-08T18:44:23Z,demilestoned,,user1,v3
44,2017-03-09T02:19:12Z,closed,,user1,v3
44,2017-03-11T00:14:17Z,moved_columns_in_project,,user2,v3
48,2017-02-18T21:57:09Z,assigned,,user1,Testing and debugging
48,2017-02-18T21:57:23Z,milestoned,,user1,Testing and debugging
48,2017-02-18T21:57:31Z,labeled,lowpriority,user1,Testing and debugging
48,2017-02-18T21:57:31Z,labeled,enhancement,user1,Testing and debugging
48,2017-02-20T17:37:38Z,added_to_project,,user2,Testing and debugging
48,2017-02-21T14:48:37Z,subscribed,,user1,Testing and debugging
48,2017-02-21T14:48:37Z,mentioned,,user1,Testing and debugging
48,2017-03-07T23:01:47Z,closed,,user3,Testing and debugging
48,2017-03-11T00:14:36Z,moved_columns_in_project,,user2,Testing and debugging
24,2017-02-14T14:11:33Z,subscribed,,user1,Testing and debugging
24,2017-02-14T14:11:33Z,mentioned,,user1,Testing and debugging
24,2017-02-14T14:11:33Z,subscribed,,user3,Testing and debugging
24,2017-02-14T14:11:33Z,mentioned,,user3,Testing and debugging
24,2017-02-14T14:11:34Z,assigned,,user2,Testing and debugging
24,2017-02-14T14:11:34Z,assigned,,user3,Testing and debugging
24,2017-02-14T14:11:34Z,assigned,,user1,Testing and debugging
24,2017-02-14T14:11:41Z,milestoned,,user2,Testing and debugging
24,2017-02-14T14:11:46Z,labeled,question,user2,Testing and debugging
24,2017-02-14T21:57:32Z,added_to_project,,user2,Testing and debugging
24,2017-02-14T21:57:40Z,moved_columns_in_project,,user2,Testing and debugging
24,2017-02-16T01:47:15Z,subscribed,,user1,Testing and debugging
24,2017-02-16T01:47:15Z,mentioned,,user3,Testing and debugging
24,2017-02-16T01:47:15Z,mentioned,,user1,Testing and debugging
24,2017-02-16T01:47:15Z,subscribed,,user3,Testing and debugging
24,2017-02-16T15:59:23Z,subscribed,,user2,Testing and debugging
24,2017-02-16T15:59:23Z,mentioned,,user2,Testing and debugging
24,2017-02-19T17:14:54Z,mentioned,,user2,Testing and debugging
24,2017-02-19T17:14:54Z,subscribed,,user2,Testing and debugging
24,2017-02-20T20:53:42Z,mentioned,,user1,Testing and debugging
24,2017-02-20T20:53:42Z,subscribed,,user1,Testing and debugging
24,2017-03-08T18:43:24Z,closed,,user1,Testing and debugging
24,2017-03-11T00:14:19Z,moved_columns_in_project,,user2,Testing and debugging
60,2017-02-23T21:37:39Z,labeled,bug,user1,v3
60,2017-02-23T21:37:39Z,labeled,mediumpriority,user1,v3
60,2017-02-23T21:37:39Z,assigned,,user1,v3
60,2017-02-23T21:37:39Z,labeled,VoiceDNA,user1,v3
60,2017-02-23T21:37:39Z,milestoned,,user1,v3
60,2017-02-28T17:56:09Z,added_to_project,,user2,v3
60,2017-03-08T18:45:30Z,demilestoned,,user1,v3
60,2017-03-08T18:45:33Z,milestoned,,user1,v3
60,2017-03-09T04:00:38Z,closed,,user1,v3
60,2017-03-11T00:14:12Z,moved_columns_in_project,,user2,v3
83,2017-03-08T23:32:58Z,labeled,urgent,user1,v3
83,2017-03-08T23:32:58Z,labeled,bug,user1,v3
83,2017-03-08T23:32:58Z,assigned,,user1,v3
83,2017-03-08T23:32:58Z,milestoned,,user1,v3
83,2017-03-09T01:02:02Z,closed,,user1,v3
83,2017-03-11T00:14:52Z,added_to_project,,user2,v3
61,2017-02-23T21:59:33Z,assigned,,user1,
61,2017-02-23T21:59:33Z,assigned,,user3,
61,2017-02-23T21:59:33Z,assigned,,user2,
61,2017-02-24T05:24:09Z,renamed,,user1,
61,2017-02-28T17:56:13Z,added_to_project,,user2,
61,2017-03-04T16:50:17Z,labeled,urgent,user1,
61,2017-03-06T18:51:31Z,renamed,,user1,
61,2017-03-07T22:26:21Z,mentioned,,user1,
61,2017-03-07T22:26:21Z,subscribed,,user1,
61,2017-03-08T18:47:03Z,closed,,user1,
61,2017-03-11T00:14:22Z,moved_columns_in_project,,user2,
59,2017-02-23T21:35:49Z,assigned,,user1,Demo day
59,2017-02-23T21:35:49Z,labeled,urgent,user1,Demo day
59,2017-02-23T21:35:49Z,labeled,bug,user1,Demo day
59,2017-02-23T21:35:49Z,milestoned,,user1,Demo day
59,2017-02-28T17:56:06Z,added_to_project,,user2,Demo day
59,2017-03-07T22:23:35Z,closed,,user3,Demo day
59,2017-03-11T00:14:15Z,moved_columns_in_project,,user2,Demo day
81,2017-03-08T04:27:23Z,closed,,user1,
81,2017-03-08T04:27:23Z,referenced,,user1,
81,2017-03-08T04:27:23Z,merged,,user1,
78,2017-03-08T02:46:36Z,closed,,user1,
78,2017-03-08T02:46:36Z,merged,,user1,
78,2017-03-08T02:46:36Z,referenced,,user1,
80,2017-03-08T04:03:58Z,referenced,,user1,
80,2017-03-08T04:03:58Z,closed,,user1,
80,2017-03-08T04:03:58Z,merged,,user1,
73,2017-03-07T20:07:24Z,referenced,,user3,
73,2017-03-07T20:07:24Z,closed,,user3,
73,2017-03-07T20:07:24Z,merged,,user3,
77,2017-03-07T22:49:13Z,closed,,user3,
77,2017-03-07T22:49:13Z,referenced,,user3,
77,2017-03-07T22:49:13Z,merged,,user3,
72,2017-03-07T19:03:24Z,closed,,user3,
72,2017-03-07T19:03:24Z,referenced,,user3,
72,2017-03-07T19:03:24Z,merged,,user3,
70,2017-03-05T20:19:23Z,assigned,,user1,
70,2017-03-05T20:23:11Z,merged,,user1,
70,2017-03-05T20:23:11Z,closed,,user1,
70,2017-03-05T20:23:11Z,referenced,,user1,
74,2017-03-07T22:15:54Z,closed,,user3,
74,2017-03-07T22:15:54Z,merged,,user3,
74,2017-03-07T22:15:54Z,referenced,,user3,
75,2017-03-07T22:31:18Z,closed,,user3,
75,2017-03-07T22:31:18Z,referenced,,user3,
75,2017-03-07T22:31:18Z,merged,,user3,
76,2017-03-07T22:42:09Z,merged,,user3,
76,2017-03-07T22:42:09Z,closed,,user3,
76,2017-03-07T22:42:09Z,referenced,,user3,
67,2017-03-05T06:37:22Z,merged,,user1,
67,2017-03-05T06:37:22Z,closed,,user1,
67,2017-03-05T06:37:22Z,referenced,,user1,
68,2017-03-05T16:46:38Z,closed,,user1,
68,2017-03-05T16:46:38Z,referenced,,user1,
68,2017-03-05T16:46:38Z,merged,,user1,
66,2017-03-05T06:08:37Z,renamed,,user1,
66,2017-03-05T06:08:51Z,merged,,user1,
66,2017-03-05T06:08:51Z,referenced,,user1,
66,2017-03-05T06:08:52Z,closed,,user1,
47,2017-02-18T19:28:37Z,labeled,UI,user1,Testing and debugging
47,2017-02-18T19:28:37Z,assigned,,user1,Testing and debugging
47,2017-02-18T19:28:37Z,milestoned,,user1,Testing and debugging
47,2017-02-18T19:28:37Z,labeled,mediumpriority,user1,Testing and debugging
47,2017-02-18T19:28:37Z,labeled,bug,user1,Testing and debugging
47,2017-02-18T19:28:37Z,assigned,,user3,Testing and debugging
47,2017-02-20T17:37:50Z,added_to_project,,user2,Testing and debugging
47,2017-02-23T20:21:27Z,closed,,user1,Testing and debugging
47,2017-02-23T20:47:16Z,moved_columns_in_project,,user2,Testing and debugging
57,2017-02-23T19:38:23Z,closed,,user3,
57,2017-02-23T19:38:23Z,merged,,user3,
57,2017-02-23T19:38:23Z,referenced,,user3,
56,2017-02-23T19:12:52Z,closed,,user3,
56,2017-02-23T19:12:52Z,referenced,,user3,
56,2017-02-23T19:12:52Z,merged,,user3,
55,2017-02-23T18:52:18Z,merged,,user3,
55,2017-02-23T18:52:18Z,referenced,,user3,
55,2017-02-23T18:52:18Z,closed,,user3,
54,2017-02-21T21:53:18Z,referenced,,user3,
54,2017-02-21T21:53:18Z,closed,,user3,
54,2017-02-21T21:53:18Z,merged,,user3,
53,2017-02-21T03:14:53Z,merged,,user3,
53,2017-02-21T03:14:53Z,referenced,,user3,
53,2017-02-21T03:14:53Z,closed,,user3,
58,2017-02-23T19:51:04Z,referenced,,user3,
58,2017-02-23T19:51:04Z,merged,,user3,
58,2017-02-23T19:51:04Z,closed,,user3,
51,2017-02-21T02:08:12Z,closed,,user3,
51,2017-02-21T02:08:12Z,referenced,,user3,
51,2017-02-21T02:08:12Z,merged,,user3,
27,2017-02-16T15:56:11Z,assigned,,user1,Magic link setup complete
27,2017-02-16T15:56:11Z,assigned,,user2,Magic link setup complete
27,2017-02-16T15:56:11Z,assigned,,user3,Magic link setup complete
27,2017-02-16T15:57:31Z,labeled,urgent,user1,Magic link setup complete
27,2017-02-16T15:57:31Z,labeled,question,user1,Magic link setup complete
27,2017-02-16T15:57:53Z,milestoned,,user1,Magic link setup complete
27,2017-02-16T15:57:58Z,demilestoned,,user1,Magic link setup complete
27,2017-02-16T15:57:58Z,milestoned,,user1,Magic link setup complete
27,2017-02-16T21:44:16Z,added_to_project,,user2,Magic link setup complete
27,2017-02-16T21:44:19Z,moved_columns_in_project,,user2,Magic link setup complete
27,2017-02-16T21:44:22Z,moved_columns_in_project,,user2,Magic link setup complete
27,2017-02-17T14:28:57Z,subscribed,,user1,Magic link setup complete
27,2017-02-17T14:28:57Z,mentioned,,user1,Magic link setup complete
27,2017-02-17T14:33:08Z,mentioned,,user2,Magic link setup complete
27,2017-02-17T14:33:08Z,subscribed,,user2,Magic link setup complete
27,2017-02-20T17:39:48Z,closed,,user2,Magic link setup complete
27,2017-02-21T01:21:13Z,moved_columns_in_project,,user2,Magic link setup complete
52,2017-02-21T02:42:42Z,closed,,user3,
52,2017-02-21T02:42:42Z,referenced,,user3,
52,2017-02-21T02:42:42Z,merged,,user3,
46,2017-02-18T19:23:39Z,assigned,,user3,Voice recognition setup complete
46,2017-02-18T19:23:39Z,milestoned,,user1,Voice recognition setup complete
46,2017-02-18T19:23:39Z,labeled,enhancement,user1,Voice recognition setup complete
46,2017-02-18T19:23:39Z,labeled,question,user1,Voice recognition setup complete
46,2017-02-18T19:23:39Z,assigned,,user1,Voice recognition setup complete
46,2017-02-18T19:23:39Z,labeled,lowpriority,user1,Voice recognition setup complete
46,2017-02-18T19:23:39Z,assigned,,user2,Voice recognition setup complete
46,2017-02-20T17:37:40Z,added_to_project,,user2,Voice recognition setup complete
46,2017-02-20T17:37:42Z,moved_columns_in_project,,user2,Voice recognition setup complete
46,2017-02-20T17:39:02Z,moved_columns_in_project,,user2,Voice recognition setup complete
46,2017-02-20T17:40:55Z,closed,,user2,Voice recognition setup complete
46,2017-02-21T01:21:08Z,moved_columns_in_project,,user2,Voice recognition setup complete
46,2017-02-21T01:21:11Z,moved_columns_in_project,,user2,Voice recognition setup complete
23,2017-02-09T21:04:42Z,milestoned,,user3,Voice recognition setup complete
23,2017-02-09T21:04:42Z,labeled,VoiceDNA,user3,Voice recognition setup complete
23,2017-02-09T21:04:42Z,assigned,,user3,Voice recognition setup complete
23,2017-02-09T21:05:12Z,added_to_project,,user3,Voice recognition setup complete
23,2017-02-16T22:44:55Z,closed,,user2,Voice recognition setup complete
23,2017-02-16T22:45:03Z,reopened,,user2,Voice recognition setup complete
23,2017-02-17T23:22:01Z,subscribed,,user1,Voice recognition setup complete
23,2017-02-17T23:22:01Z,subscribed,,user3,Voice recognition setup complete
23,2017-02-17T23:22:01Z,mentioned,,user3,Voice recognition setup complete
23,2017-02-17T23:22:01Z,mentioned,,user1,Voice recognition setup complete
23,2017-02-20T17:12:57Z,closed,,user3,Voice recognition setup complete
23,2017-02-20T17:38:46Z,moved_columns_in_project,,user2,Voice recognition setup complete
45,2017-02-18T15:39:32Z,assigned,,user1,Voice recognition setup complete
45,2017-02-18T15:39:32Z,milestoned,,user1,Voice recognition setup complete
45,2017-02-18T15:39:32Z,labeled,VoiceDNA,user1,Voice recognition setup complete
45,2017-02-18T15:39:55Z,labeled,urgent,user1,Voice recognition setup complete
45,2017-02-18T18:00:40Z,mentioned,,user3,Voice recognition setup complete
45,2017-02-18T18:00:40Z,subscribed,,user2,Voice recognition setup complete
45,2017-02-18T18:00:40Z,mentioned,,user2,Voice recognition setup complete
45,2017-02-18T18:00:40Z,subscribed,,user3,Voice recognition setup complete
45,2017-02-18T18:31:58Z,closed,,user1,Voice recognition setup complete
45,2017-02-20T17:37:57Z,added_to_project,,user2,Voice recognition setup complete
49,2017-02-18T21:59:04Z,assigned,,user1,
49,2017-02-18T21:59:09Z,merged,,user1,
49,2017-02-18T21:59:09Z,closed,,user1,
49,2017-02-18T21:59:09Z,referenced,,user1,
43,2017-02-18T00:24:31Z,referenced,,user1,
43,2017-02-18T00:24:31Z,closed,,user1,
43,2017-02-18T00:24:31Z,merged,,user1,
41,2017-02-17T23:09:01Z,referenced,,user3,
41,2017-02-17T23:09:01Z,merged,,user3,
41,2017-02-17T23:09:01Z,closed,,user3,
40,2017-02-17T21:46:14Z,referenced,,user3,
40,2017-02-17T21:46:14Z,closed,,user3,
40,2017-02-17T21:46:14Z,merged,,user3,
39,2017-02-17T05:02:01Z,merged,,user1,
39,2017-02-17T05:02:01Z,referenced,,user1,
39,2017-02-17T05:02:01Z,closed,,user1,
42,2017-02-18T00:14:51Z,closed,,user3,
42,2017-02-18T00:14:51Z,merged,,user3,
42,2017-02-18T00:14:51Z,referenced,,user3,
32,2017-02-16T23:09:43Z,closed,,user1,
32,2017-02-16T23:09:43Z,referenced,,user1,
32,2017-02-16T23:09:43Z,merged,,user1,
26,2017-02-14T21:50:55Z,assigned,,user1,Testing and debugging
26,2017-02-14T21:50:55Z,labeled,bug,user1,Testing and debugging
26,2017-02-14T21:57:26Z,added_to_project,,user2,Testing and debugging
26,2017-02-15T08:18:53Z,closed,,user1,Testing and debugging
26,2017-02-15T08:19:38Z,milestoned,,user1,Testing and debugging
26,2017-02-15T08:19:49Z,milestoned,,user1,Testing and debugging
26,2017-02-15T08:19:49Z,demilestoned,,user1,Testing and debugging
26,2017-02-16T21:43:47Z,moved_columns_in_project,,user2,Testing and debugging
25,2017-02-14T18:25:24Z,referenced,,user1,
25,2017-02-14T18:25:24Z,closed,,user1,
25,2017-02-14T18:25:24Z,merged,,user1,
21,2017-02-09T18:29:53Z,subscribed,,user1,
21,2017-02-09T18:29:53Z,mentioned,,user1,
21,2017-02-09T18:29:53Z,labeled,urgent,user3,
21,2017-02-09T18:29:53Z,subscribed,,user2,
21,2017-02-09T18:29:53Z,mentioned,,user2,
21,2017-02-09T18:35:37Z,added_to_project,,user3,
21,2017-02-09T18:42:08Z,moved_columns_in_project,,user3,
21,2017-02-09T20:40:29Z,closed,,user2,
21,2017-02-09T21:05:56Z,moved_columns_in_project,,user3,
20,2017-02-09T17:38:49Z,merged,,user2,
20,2017-02-09T17:38:49Z,referenced,,user2,
20,2017-02-09T17:38:49Z,closed,,user2,
20,2017-02-09T18:35:43Z,added_to_project,,user3,
20,2017-02-13T14:28:03Z,moved_columns_in_project,,user2,
15,2017-02-09T02:37:58Z,assigned,,user3,Setup UI for the app
15,2017-02-09T02:38:13Z,labeled,enhancement,user3,Setup UI for the app
15,2017-02-09T02:38:42Z,labeled,UI,user2,Setup UI for the app
15,2017-02-09T02:38:48Z,milestoned,,user2,Setup UI for the app
15,2017-02-09T02:39:29Z,added_to_project,,user3,Setup UI for the app
15,2017-02-09T16:15:05Z,closed,,user3,Setup UI for the app
15,2017-02-09T16:18:08Z,moved_columns_in_project,,user3,Setup UI for the app
15,2017-02-09T16:19:16Z,removed_from_project,,user3,Setup UI for the app
15,2017-02-09T16:20:17Z,added_to_project,,user3,Setup UI for the app
15,2017-02-09T18:37:06Z,added_to_project,,user3,Setup UI for the app
15,2017-02-09T18:40:16Z,moved_columns_in_project,,user3,Setup UI for the app
16,2017-02-09T02:38:07Z,milestoned,,user2,Setup UI for the app
16,2017-02-09T02:38:07Z,assigned,,user3,Setup UI for the app
16,2017-02-09T02:38:07Z,labeled,UI,user2,Setup UI for the app
16,2017-02-09T02:38:34Z,closed,,user2,Setup UI for the app
16,2017-02-09T02:38:53Z,added_to_project,,user3,Setup UI for the app
16,2017-02-09T02:39:00Z,moved_columns_in_project,,user3,Setup UI for the app
16,2017-02-09T16:14:59Z,removed_from_project,,user3,Setup UI for the app
16,2017-02-09T16:16:32Z,reopened,,user2,Setup UI for the app
16,2017-02-09T16:20:23Z,added_to_project,,user3,Setup UI for the app
16,2017-02-09T16:28:04Z,subscribed,,user1,Setup UI for the app
16,2017-02-09T16:28:04Z,mentioned,,user1,Setup UI for the app
16,2017-02-09T16:47:52Z,mentioned,,user2,Setup UI for the app
16,2017-02-09T16:47:52Z,subscribed,,user2,Setup UI for the app
16,2017-02-09T17:19:22Z,subscribed,,user1,Setup UI for the app
16,2017-02-09T17:19:22Z,mentioned,,user1,Setup UI for the app
16,2017-02-09T18:37:03Z,added_to_project,,user3,Setup UI for the app
16,2017-02-09T18:40:12Z,moved_columns_in_project,,user3,Setup UI for the app
16,2017-02-09T18:42:58Z,closed,,user3,Setup UI for the app
22,2017-02-09T20:39:32Z,closed,,user2,
22,2017-02-09T20:39:32Z,referenced,,user2,
22,2017-02-09T20:39:32Z,merged,,user2,
7,2017-02-08T16:39:45Z,milestoned,,user2,Setup UI for the app
7,2017-02-08T16:39:49Z,assigned,,user3,Setup UI for the app
7,2017-02-08T16:39:49Z,assigned,,user2,Setup UI for the app
7,2017-02-08T16:39:49Z,assigned,,user1,Setup UI for the app
7,2017-02-08T16:40:26Z,labeled,UI,user2,Setup UI for the app
7,2017-02-08T16:45:43Z,added_to_project,,user2,Setup UI for the app
7,2017-02-09T03:22:39Z,unassigned,,user2,Setup UI for the app
7,2017-02-09T03:22:39Z,unassigned,,user1,Setup UI for the app
7,2017-02-09T16:15:22Z,closed,,user3,Setup UI for the app
7,2017-02-09T16:18:57Z,moved_columns_in_project,,user3,Setup UI for the app
7,2017-02-09T18:39:21Z,added_to_project,,user3,Setup UI for the app
7,2017-02-09T18:43:36Z,moved_columns_in_project,,user3,Setup UI for the app
1,2017-02-08T16:37:56Z,assigned,,user1,Code base setup
1,2017-02-08T16:37:56Z,assigned,,user3,Code base setup
1,2017-02-08T16:37:59Z,milestoned,,user2,Code base setup
1,2017-02-08T16:38:07Z,labeled,help wanted,user2,Code base setup
1,2017-02-08T16:40:18Z,labeled,UI,user2,Code base setup
1,2017-02-08T16:45:30Z,added_to_project,,user2,Code base setup
1,2017-02-08T20:23:57Z,mentioned,,user2,Code base setup
1,2017-02-08T20:23:57Z,subscribed,,user2,Code base setup
1,2017-02-08T20:34:13Z,closed,,user3,Code base setup
1,2017-02-08T20:54:07Z,moved_columns_in_project,,user2,Code base setup
1,2017-02-08T20:54:11Z,moved_columns_in_project,,user2,Code base setup
1,2017-02-09T18:39:36Z,added_to_project,,user3,Code base setup
1,2017-02-09T18:40:14Z,moved_columns_in_project,,user3,Code base setup
19,2017-02-09T16:17:32Z,subscribed,,user1,
19,2017-02-09T16:17:32Z,subscribed,,user2,
19,2017-02-09T16:17:32Z,mentioned,,user2,
19,2017-02-09T16:17:32Z,mentioned,,user1,
19,2017-02-09T17:00:42Z,merged,,user2,
19,2017-02-09T17:00:42Z,referenced,,user2,
19,2017-02-09T17:00:42Z,closed,,user2,
19,2017-02-09T17:38:00Z,added_to_project,,user2,
13,2017-02-08T21:28:28Z,closed,,user3,
13,2017-02-08T21:28:28Z,referenced,,user3,
13,2017-02-08T21:28:28Z,merged,,user3,
