issue_id,when,action,what,user,milestone
21,2017-02-27T00:16:01Z,assigned,,user4,Design
21,2017-02-27T00:16:13Z,labeled,enhancement,user4,Design
21,2017-02-27T02:26:28Z,assigned,,user2,Design
21,2017-02-27T04:41:05Z,mentioned,,user1,Design
21,2017-02-28T03:44:11Z,milestoned,,user2,Design
24,2017-02-27T02:11:19Z,assigned,,user2,
23,2017-02-27T02:08:47Z,assigned,,user3,Design
23,2017-02-27T02:08:47Z,assigned,,user2,Design
23,2017-02-27T02:08:47Z,assigned,,user4,Design
23,2017-02-27T02:08:57Z,milestoned,,user2,Design
23,2017-02-28T03:43:11Z,closed,,user2,Design
29,2017-03-08T03:22:35Z,milestoned,,user3,Implementation - Facial recognition
30,2017-03-08T03:24:21Z,milestoned,,user3,Implementation - Facial recognition
17,2017-02-22T02:46:22Z,milestoned,,user3,Implementation - Facial recognition
17,2017-03-08T03:22:39Z,closed,,user3,Implementation - Facial recognition
25,2017-02-27T02:20:12Z,milestoned,,user2,Design
25,2017-02-27T02:24:42Z,assigned,,user4,Design
25,2017-02-27T02:24:42Z,assigned,,user3,Design
25,2017-02-27T02:24:42Z,assigned,,user2,Design
25,2017-03-01T00:59:49Z,closed,,user2,Design
22,2017-02-27T02:06:26Z,assigned,,user3,Design
22,2017-02-27T02:06:26Z,assigned,,user4,Design
22,2017-02-27T02:06:26Z,assigned,,user2,Design
22,2017-02-27T02:06:26Z,milestoned,,user2,Design
22,2017-03-01T01:00:28Z,closed,,user2,Design
26,2017-02-27T02:36:40Z,milestoned,,user2,Implementation
26,2017-02-27T02:36:40Z,assigned,,user2,Implementation
26,2017-02-27T02:36:40Z,assigned,,user4,Implementation
26,2017-02-27T02:36:40Z,assigned,,user3,Implementation
26,2017-03-01T00:58:25Z,closed,,user2,Implementation
18,2017-02-23T09:49:56Z,renamed,,user2,Design
18,2017-02-23T09:49:59Z,assigned,,user2,Design
18,2017-02-27T13:41:47Z,milestoned,,user2,Design
18,2017-03-01T01:02:34Z,closed,,user2,Design
28,2017-03-08T03:16:14Z,milestoned,,user3,Implementation - Facial recognition
28,2017-03-08T03:17:57Z,closed,,user3,Implementation - Facial recognition
10,2017-02-16T19:52:19Z,milestoned,,user3,Design
10,2017-02-16T19:52:27Z,assigned,,user3,Design
10,2017-02-19T01:16:59Z,closed,,user3,Design
12,2017-02-19T00:43:30Z,assigned,,user3,Learn Android
12,2017-02-19T00:43:30Z,milestoned,,user3,Learn Android
12,2017-02-19T00:46:32Z,closed,,user3,Learn Android
20,2017-02-23T22:32:19Z,assigned,,user4,
7,2017-02-07T22:04:16Z,assigned,,user3,
7,2017-02-07T22:04:16Z,assigned,,user2,
7,2017-02-07T22:04:16Z,assigned,,user4,
7,2017-02-07T22:04:16Z,labeled,help wanted,user4,
7,2017-02-07T22:13:37Z,added_to_project,,user4,
7,2017-02-07T22:16:53Z,unassigned,,user4,
7,2017-02-23T22:38:35Z,closed,,user4,
14,2017-02-19T01:16:18Z,milestoned,,user3,Design
14,2017-02-19T01:16:18Z,assigned,,user3,Design
13,2017-02-19T00:52:00Z,milestoned,,user3,Design
13,2017-02-19T00:52:42Z,closed,,user3,Design
16,2017-02-19T01:21:12Z,milestoned,,user3,Implementation - Facial recognition
16,2017-02-22T02:47:47Z,closed,,user3,Implementation - Facial recognition
15,2017-02-19T01:18:39Z,milestoned,,user3,Implementation - Facial recognition
15,2017-02-19T01:24:13Z,closed,,user3,Implementation - Facial recognition
19,2017-02-23T09:49:31Z,assigned,,user2,
11,2017-02-16T20:00:33Z,assigned,,user3,Implementation - Facial recognition
11,2017-02-16T20:00:33Z,milestoned,,user3,Implementation - Facial recognition
11,2017-02-19T01:21:44Z,closed,,user3,Implementation - Facial recognition
9,2017-02-15T03:26:42Z,milestoned,,user3,Facial/voice Recognition API
9,2017-02-16T19:53:10Z,assigned,,user3,Facial/voice Recognition API
9,2017-02-19T00:42:31Z,closed,,user3,Facial/voice Recognition API
8,2017-02-07T22:06:14Z,labeled,help wanted,user4,
8,2017-02-07T22:06:14Z,labeled,enhancement,user4,
8,2017-02-07T22:06:24Z,unlabeled,enhancement,user4,
8,2017-02-07T22:06:30Z,assigned,,user3,
8,2017-02-07T22:06:30Z,assigned,,user4,
8,2017-02-07T22:06:30Z,assigned,,user2,
8,2017-02-07T22:08:58Z,unassigned,,user2,
8,2017-02-07T22:08:58Z,unassigned,,user3,
8,2017-02-07T22:09:12Z,unassigned,,user4,
8,2017-02-07T22:09:54Z,assigned,,user2,
8,2017-02-07T22:09:54Z,assigned,,user4,
8,2017-02-07T22:09:54Z,assigned,,user3,
8,2017-02-07T22:13:30Z,added_to_project,,user4,
8,2017-02-07T22:16:39Z,unassigned,,user2,
8,2017-02-07T22:16:39Z,unassigned,,user3,
8,2017-02-07T22:17:42Z,unassigned,,user4,
8,2017-02-23T22:38:35Z,closed,,user4,
6,2017-02-06T01:52:45Z,assigned,,user4,Learn Android
6,2017-02-06T01:53:01Z,assigned,,user3,Learn Android
6,2017-02-06T01:53:01Z,assigned,,user2,Learn Android
6,2017-02-06T01:55:11Z,milestoned,,user4,Learn Android
6,2017-02-06T01:55:29Z,milestoned,,user4,Learn Android
6,2017-02-06T01:55:29Z,demilestoned,,user4,Learn Android
6,2017-02-06T01:56:03Z,demilestoned,,user4,Learn Android
6,2017-02-06T01:56:03Z,milestoned,,user4,Learn Android
6,2017-02-06T01:57:19Z,labeled,enhancement,user4,Learn Android
6,2017-02-06T01:57:19Z,labeled,help wanted,user4,Learn Android
6,2017-02-06T02:02:44Z,demilestoned,,user4,Learn Android
6,2017-02-06T02:02:44Z,milestoned,,user4,Learn Android
6,2017-02-07T00:12:51Z,milestoned,,user3,Learn Android
6,2017-02-07T00:12:51Z,demilestoned,,user3,Learn Android
6,2017-02-07T00:17:03Z,milestoned,,user3,Learn Android
6,2017-02-07T00:17:03Z,demilestoned,,user3,Learn Android
6,2017-02-07T00:17:51Z,demilestoned,,user3,Learn Android
6,2017-02-07T00:17:51Z,milestoned,,user3,Learn Android
6,2017-02-07T22:13:41Z,added_to_project,,user4,Learn Android
6,2017-02-23T22:38:35Z,closed,,user4,Learn Android
5,2017-02-02T01:18:29Z,assigned,,user5,
5,2017-02-09T16:45:01Z,subscribed,,user2,
5,2017-02-09T16:45:01Z,mentioned,,user2,
2,2017-01-20T02:06:24Z,closed,,user2,
2,2017-01-20T02:06:50Z,reopened,,user2,
2,2017-02-07T00:08:44Z,closed,,user3,
1,2017-01-26T21:58:36Z,closed,,user3,
3,2017-02-07T00:09:34Z,closed,,user3,
4,2017-02-07T00:11:06Z,closed,,user3,
