issue_id,when,action,what,user,milestone
27,2017-02-09T14:52:51Z,converted_note_to_issue,,user1,FEB Milestone
27,2017-02-09T14:54:34Z,milestoned,,user1,FEB Milestone
27,2017-02-09T14:54:34Z,milestoned,,user1,FEB Milestone
27,2017-02-12T16:54:04Z,closed,,user1,FEB Milestone
16,2017-01-31T02:35:41Z,milestoned,,user1,FEB Milestone
16,2017-01-31T02:35:41Z,milestoned,,user1,FEB Milestone
16,2017-02-17T14:19:21Z,subscribed,,user2,FEB Milestone
16,2017-02-17T14:19:21Z,subscribed,,user3,FEB Milestone
16,2017-02-17T14:19:21Z,mentioned,,user2,FEB Milestone
16,2017-02-17T14:19:21Z,mentioned,,user3,FEB Milestone
16,2017-03-14T03:17:52Z,closed,,user1,FEB Milestone
22,2017-02-07T21:55:44Z,converted_note_to_issue,,user3,FEB Milestone
22,2017-02-07T21:56:06Z,milestoned,,user3,FEB Milestone
22,2017-02-07T21:57:49Z,renamed,,user3,FEB Milestone
22,2017-02-13T16:34:24Z,renamed,,user3,FEB Milestone
22,2017-02-22T21:44:11Z,closed,,user1,FEB Milestone
13,2017-01-31T02:08:02Z,assigned,,user5,FEB Milestone
13,2017-01-31T02:08:02Z,assigned,,user1,FEB Milestone
13,2017-01-31T02:08:02Z,assigned,,user4,FEB Milestone
13,2017-01-31T02:08:02Z,assigned,,user2,FEB Milestone
13,2017-01-31T02:08:02Z,assigned,,user3,FEB Milestone
13,2017-01-31T02:35:41Z,milestoned,,user1,FEB Milestone
13,2017-01-31T02:35:41Z,milestoned,,user1,FEB Milestone
13,2017-02-11T19:02:03Z,subscribed,,user3,FEB Milestone
13,2017-02-11T19:02:03Z,subscribed,,user2,FEB Milestone
13,2017-02-11T19:02:03Z,mentioned,,user3,FEB Milestone
13,2017-02-11T19:02:03Z,mentioned,,user2,FEB Milestone
13,2017-03-14T03:17:52Z,closed,,user1,FEB Milestone
26,2017-02-08T21:27:40Z,converted_note_to_issue,,user2,FEB Milestone
26,2017-02-09T14:52:15Z,milestoned,,user1,FEB Milestone
26,2017-02-09T14:52:15Z,milestoned,,user1,FEB Milestone
26,2017-02-20T17:51:14Z,moved_columns_in_project,,user2,FEB Milestone
26,2017-02-22T21:44:12Z,closed,,user1,FEB Milestone
30,2017-02-09T14:53:36Z,converted_note_to_issue,,user1,FEB Milestone
30,2017-02-09T14:54:34Z,milestoned,,user1,FEB Milestone
30,2017-02-09T14:54:34Z,milestoned,,user1,FEB Milestone
30,2017-02-10T15:04:01Z,moved_columns_in_project,,user1,FEB Milestone
30,2017-02-12T16:53:40Z,closed,,user1,FEB Milestone
30,2017-02-12T16:55:20Z,moved_columns_in_project,,user1,FEB Milestone
25,2017-02-08T21:24:33Z,converted_note_to_issue,,user2,FEB Milestone
25,2017-02-09T14:52:14Z,milestoned,,user1,FEB Milestone
25,2017-02-09T14:52:14Z,milestoned,,user1,FEB Milestone
25,2017-02-20T17:51:19Z,moved_columns_in_project,,user2,FEB Milestone
25,2017-02-22T21:44:11Z,closed,,user1,FEB Milestone
20,2017-02-07T21:54:51Z,converted_note_to_issue,,user1,FEB Milestone
20,2017-02-07T21:55:19Z,milestoned,,user1,FEB Milestone
20,2017-02-07T21:55:19Z,milestoned,,user1,FEB Milestone
20,2017-02-07T21:56:39Z,labeled,enhancement,user1,FEB Milestone
20,2017-02-10T15:03:57Z,moved_columns_in_project,,user1,FEB Milestone
20,2017-02-22T21:43:52Z,closed,,user1,FEB Milestone
32,2017-02-09T14:54:11Z,converted_note_to_issue,,user1,FEB Milestone
32,2017-02-09T14:54:34Z,milestoned,,user1,FEB Milestone
32,2017-02-09T14:54:34Z,milestoned,,user1,FEB Milestone
32,2017-02-23T01:17:05Z,closed,,user3,FEB Milestone
15,2017-01-31T02:30:12Z,renamed,,user1,FEB Milestone
15,2017-01-31T02:35:41Z,milestoned,,user1,FEB Milestone
15,2017-01-31T02:35:41Z,milestoned,,user1,FEB Milestone
15,2017-02-15T17:26:28Z,closed,,user1,FEB Milestone
23,2017-02-09T14:52:14Z,milestoned,,user1,FEB Milestone
23,2017-02-09T14:52:14Z,milestoned,,user1,FEB Milestone
23,2017-02-15T17:26:06Z,closed,,user1,FEB Milestone
31,2017-02-09T14:54:00Z,converted_note_to_issue,,user1,FEB Milestone
31,2017-02-09T14:54:34Z,milestoned,,user1,FEB Milestone
31,2017-02-09T14:54:34Z,milestoned,,user1,FEB Milestone
31,2017-03-14T03:17:52Z,closed,,user1,FEB Milestone
21,2017-02-07T21:54:53Z,converted_note_to_issue,,user2,FEB Milestone
21,2017-02-07T21:55:20Z,milestoned,,user2,FEB Milestone
21,2017-02-07T21:55:20Z,milestoned,,user2,FEB Milestone
21,2017-02-08T21:21:12Z,removed_from_project,,user2,FEB Milestone
21,2017-02-22T21:44:11Z,closed,,user1,FEB Milestone
24,2017-02-08T21:23:25Z,converted_note_to_issue,,user2,FEB Milestone
24,2017-02-09T14:52:14Z,milestoned,,user1,FEB Milestone
24,2017-02-09T14:52:14Z,milestoned,,user1,FEB Milestone
24,2017-02-11T04:36:39Z,mentioned,,user1,FEB Milestone
24,2017-02-11T04:36:39Z,subscribed,,user1,FEB Milestone
24,2017-02-20T17:51:36Z,moved_columns_in_project,,user2,FEB Milestone
24,2017-02-22T21:44:11Z,closed,,user1,FEB Milestone
29,2017-02-09T14:53:27Z,converted_note_to_issue,,user1,FEB Milestone
29,2017-02-09T14:54:34Z,milestoned,,user1,FEB Milestone
29,2017-02-09T14:54:34Z,milestoned,,user1,FEB Milestone
29,2017-02-22T21:44:19Z,closed,,user1,FEB Milestone
28,2017-02-09T14:53:10Z,converted_note_to_issue,,user1,FEB Milestone
28,2017-02-09T14:54:34Z,milestoned,,user1,FEB Milestone
28,2017-02-09T14:54:34Z,milestoned,,user1,FEB Milestone
28,2017-02-12T16:53:51Z,closed,,user1,FEB Milestone
17,2017-01-31T02:35:41Z,milestoned,,user1,FEB Milestone
17,2017-01-31T02:35:41Z,milestoned,,user1,FEB Milestone
17,2017-03-14T03:17:52Z,closed,,user1,FEB Milestone
14,2017-01-31T02:30:00Z,renamed,,user1,FEB Milestone
14,2017-01-31T02:35:41Z,milestoned,,user1,FEB Milestone
14,2017-01-31T02:35:41Z,milestoned,,user1,FEB Milestone
14,2017-02-07T18:43:35Z,subscribed,,user4,FEB Milestone
14,2017-02-07T18:43:35Z,mentioned,,user4,FEB Milestone
14,2017-02-07T18:43:35Z,mentioned,,user5,FEB Milestone
14,2017-02-07T18:43:35Z,subscribed,,user5,FEB Milestone
14,2017-02-11T18:55:57Z,closed,,user1,FEB Milestone
19,2017-02-04T14:36:29Z,closed,,user2,
19,2017-02-04T14:59:07Z,reopened,,user1,
19,2017-02-07T18:23:40Z,closed,,user1,
18,2017-02-04T14:27:57Z,closed,,user1,
7,2017-01-18T05:39:41Z,assigned,,user2,JAN Milestone
7,2017-01-18T05:39:41Z,milestoned,,user1,JAN Milestone
7,2017-01-18T05:39:41Z,assigned,,user1,JAN Milestone
7,2017-01-18T05:39:41Z,assigned,,user3,JAN Milestone
7,2017-01-28T16:17:17Z,mentioned,,user3,JAN Milestone
7,2017-01-28T16:17:17Z,subscribed,,user3,JAN Milestone
7,2017-01-28T16:17:17Z,subscribed,,user2,JAN Milestone
7,2017-01-28T16:17:17Z,mentioned,,user2,JAN Milestone
7,2017-01-30T14:51:46Z,mentioned,,user3,JAN Milestone
7,2017-01-30T14:51:46Z,subscribed,,user3,JAN Milestone
7,2017-01-30T14:51:46Z,subscribed,,user2,JAN Milestone
7,2017-01-30T14:51:46Z,mentioned,,user2,JAN Milestone
7,2017-01-30T18:14:59Z,mentioned,,user2,JAN Milestone
7,2017-01-30T18:14:59Z,subscribed,,user2,JAN Milestone
7,2017-01-30T18:22:48Z,mentioned,,user2,JAN Milestone
7,2017-01-30T18:22:48Z,subscribed,,user2,JAN Milestone
7,2017-01-31T00:55:19Z,closed,,user1,JAN Milestone
9,2017-01-20T04:33:34Z,milestoned,,user1,JAN Milestone
9,2017-01-20T04:33:34Z,milestoned,,user1,JAN Milestone
9,2017-01-28T16:02:09Z,closed,,user1,JAN Milestone
12,2017-01-30T13:38:58Z,milestoned,,user1,JAN Milestone
12,2017-01-30T13:38:58Z,milestoned,,user1,JAN Milestone
12,2017-01-31T00:54:39Z,closed,,user1,JAN Milestone
5,2017-01-18T05:16:42Z,milestoned,,user1,JAN Milestone
5,2017-01-18T05:41:28Z,assigned,,user3,JAN Milestone
5,2017-01-18T05:41:43Z,assigned,,user2,JAN Milestone
5,2017-01-18T05:41:52Z,assigned,,user1,JAN Milestone
5,2017-01-27T22:56:14Z,assigned,,user5,JAN Milestone
5,2017-01-27T22:59:14Z,mentioned,,user5,JAN Milestone
5,2017-01-27T22:59:14Z,mentioned,,user3,JAN Milestone
5,2017-01-27T22:59:14Z,mentioned,,user4,JAN Milestone
5,2017-01-27T22:59:14Z,subscribed,,user4,JAN Milestone
5,2017-01-27T22:59:14Z,subscribed,,user3,JAN Milestone
5,2017-01-27T22:59:14Z,subscribed,,user2,JAN Milestone
5,2017-01-27T22:59:14Z,subscribed,,user5,JAN Milestone
5,2017-01-27T22:59:14Z,mentioned,,user2,JAN Milestone
5,2017-01-30T14:52:57Z,closed,,user1,JAN Milestone
4,2017-01-18T05:15:46Z,milestoned,,user1,JAN Milestone
4,2017-01-18T05:41:28Z,assigned,,user3,JAN Milestone
4,2017-01-18T05:41:43Z,assigned,,user2,JAN Milestone
4,2017-01-18T05:41:52Z,assigned,,user1,JAN Milestone
4,2017-01-28T16:01:45Z,closed,,user1,JAN Milestone
3,2017-01-18T05:14:07Z,milestoned,,user1,JAN Milestone
3,2017-01-18T05:41:28Z,assigned,,user3,JAN Milestone
3,2017-01-18T05:41:43Z,assigned,,user2,JAN Milestone
3,2017-01-18T05:41:52Z,assigned,,user1,JAN Milestone
3,2017-01-20T04:32:59Z,mentioned,,user2,JAN Milestone
3,2017-01-20T04:32:59Z,mentioned,,user3,JAN Milestone
3,2017-01-20T04:32:59Z,subscribed,,user3,JAN Milestone
3,2017-01-20T04:32:59Z,subscribed,,user2,JAN Milestone
3,2017-01-28T16:01:29Z,closed,,user1,JAN Milestone
10,2017-01-26T21:58:07Z,milestoned,,user5,
10,2017-01-26T21:58:07Z,assigned,,user3,
10,2017-01-27T22:55:39Z,closed,,user1,
8,2017-01-20T04:33:34Z,milestoned,,user1,JAN Milestone
8,2017-01-20T04:33:34Z,milestoned,,user1,JAN Milestone
8,2017-01-22T07:08:15Z,closed,,user1,JAN Milestone
11,2017-01-26T21:58:26Z,milestoned,,user5,
11,2017-01-26T21:58:26Z,assigned,,user1,
11,2017-01-27T22:55:39Z,closed,,user1,
1,2017-01-18T05:07:17Z,milestoned,,user1,JAN Milestone
1,2017-01-18T05:07:17Z,milestoned,,user1,JAN Milestone
1,2017-01-18T05:08:15Z,renamed,,user1,JAN Milestone
1,2017-01-18T05:41:28Z,assigned,,user3,JAN Milestone
1,2017-01-18T05:41:43Z,assigned,,user2,JAN Milestone
1,2017-01-18T05:41:52Z,assigned,,user1,JAN Milestone
1,2017-01-19T20:01:23Z,mentioned,,user3,JAN Milestone
1,2017-01-19T20:01:23Z,subscribed,,user2,JAN Milestone
1,2017-01-19T20:01:23Z,mentioned,,user2,JAN Milestone
1,2017-01-19T20:01:23Z,subscribed,,user3,JAN Milestone
1,2017-01-20T04:40:44Z,closed,,user1,JAN Milestone
2,2017-01-18T05:12:26Z,milestoned,,user1,JAN Milestone
2,2017-01-18T05:12:26Z,milestoned,,user1,JAN Milestone
2,2017-01-18T05:41:28Z,assigned,,user3,JAN Milestone
2,2017-01-18T05:41:43Z,assigned,,user2,JAN Milestone
2,2017-01-18T05:41:52Z,assigned,,user1,JAN Milestone
2,2017-01-22T07:09:52Z,closed,,user1,JAN Milestone
6,2017-01-18T05:21:47Z,milestoned,,user1,JAN Milestone
6,2017-01-18T05:22:02Z,closed,,user1,JAN Milestone
